{"cameraMode":{"drawMode":0,"name":"Shaded","section":"Shading Mode"},"sceneLighting":true,"audioPlay":false,"sceneViewState":{"m_AlwaysRefresh":false,"showFog":true,"showSkybox":true,"showFlares":true,"showImageEffects":true,"showParticleSystems":true,"showVisualEffectGraphs":true,"m_FxEnabled":true},"in2DMode":false,"pivot":{"x":34.36641311645508,"y":2.6387782096862795,"z":48.48357391357422},"rotation":{"x":-0.06748883426189423,"y":-0.08907973021268845,"z":0.006049963645637035,"w":-0.9937317371368408},"size":46.37512969970703,"orthographic":false}