{"cameraMode":{"drawMode":0,"name":"Shaded","section":"Shading Mode"},"sceneLighting":false,"audioPlay":false,"sceneViewState":{"m_AlwaysRefresh":false,"showFog":true,"showSkybox":false,"showFlares":true,"showImageEffects":true,"showParticleSystems":true,"showVisualEffectGraphs":true,"m_FxEnabled":true},"in2DMode":false,"pivot":{"x":0.17453545331954957,"y":0.7506328225135803,"z":0.2230449914932251},"rotation":{"x":-0.17637655138969422,"y":-0.008270655758678913,"z":0.0014823726378381253,"w":-0.9842915534973145},"size":1.7660284042358399,"orthographic":false}